seed,reason
101,no feasible intervention times available
102,no feasible intervention times available
104,no feasible intervention times available
105,no feasible intervention times available
107,no feasible intervention times available
108,no feasible intervention times available
109,no feasible intervention times available
110,no feasible intervention times available
111,no feasible intervention times available
112,no feasible intervention times available
113,no feasible intervention times available
114,no feasible intervention times available
116,no feasible intervention times available
117,no feasible intervention times available
118,no feasible intervention times available
119,no feasible intervention times available
120,no feasible intervention times available
121,no feasible intervention times available
122,no feasible intervention times available
123,no feasible intervention times available
125,no feasible intervention times available
126,no feasible intervention times available
128,no feasible intervention times available
130,no feasible intervention times available
131,no feasible intervention times available
134,no feasible intervention times available
135,no feasible intervention times available
136,no feasible intervention times available
137,no feasible intervention times available
138,no feasible intervention times available
139,no feasible intervention times available
141,no feasible intervention times available
142,no feasible intervention times available
143,no feasible intervention times available
144,no feasible intervention times available
145,no feasible intervention times available
147,no feasible intervention times available
148,no feasible intervention times available
149,no feasible intervention times available
150,no feasible intervention times available
152,no feasible intervention times available
153,no feasible intervention times available
154,no feasible intervention times available
155,no feasible intervention times available
157,no feasible intervention times available
158,no feasible intervention times available
159,no feasible intervention times available
160,no feasible intervention times available
163,no feasible intervention times available
164,no feasible intervention times available
166,no feasible intervention times available
168,no feasible intervention times available
172,no feasible intervention times available
173,no feasible intervention times available
174,no feasible intervention times available
175,no feasible intervention times available
176,no feasible intervention times available
177,no feasible intervention times available
179,no feasible intervention times available
180,no feasible intervention times available
181,no feasible intervention times available
183,no feasible intervention times available
184,no feasible intervention times available
185,no feasible intervention times available
186,no feasible intervention times available
188,no feasible intervention times available
189,no feasible intervention times available
190,no feasible intervention times available
191,no feasible intervention times available
195,no feasible intervention times available
196,no feasible intervention times available
198,no feasible intervention times available
199,no feasible intervention times available
200,no feasible intervention times available
201,no feasible intervention times available
202,no feasible intervention times available
203,no feasible intervention times available
205,no feasible intervention times available
206,no feasible intervention times available
207,no feasible intervention times available
210,no feasible intervention times available
211,no feasible intervention times available
213,no feasible intervention times available
214,no feasible intervention times available
219,no feasible intervention times available
221,no feasible intervention times available
222,no feasible intervention times available
223,no feasible intervention times available
224,no feasible intervention times available
227,no feasible intervention times available
229,no feasible intervention times available
230,no feasible intervention times available
231,no feasible intervention times available
232,no feasible intervention times available
233,no feasible intervention times available
234,no feasible intervention times available
236,no feasible intervention times available
237,no feasible intervention times available
239,no feasible intervention times available
241,no feasible intervention times available
242,no feasible intervention times available
244,no feasible intervention times available
245,no feasible intervention times available
247,no feasible intervention times available
250,no feasible intervention times available
251,no feasible intervention times available
252,no feasible intervention times available
253,no feasible intervention times available
254,no feasible intervention times available
255,no feasible intervention times available
256,no feasible intervention times available
257,no feasible intervention times available
258,no feasible intervention times available
259,no feasible intervention times available
261,no feasible intervention times available
262,no feasible intervention times available
263,no feasible intervention times available
264,no feasible intervention times available
265,no feasible intervention times available
266,no feasible intervention times available
267,no feasible intervention times available
268,no feasible intervention times available
269,no feasible intervention times available
272,no feasible intervention times available
273,no feasible intervention times available
274,no feasible intervention times available
275,no feasible intervention times available
276,no feasible intervention times available
280,no feasible intervention times available
281,no feasible intervention times available
282,no feasible intervention times available
283,no feasible intervention times available
284,no feasible intervention times available
286,no feasible intervention times available
287,no feasible intervention times available
288,no feasible intervention times available
289,no feasible intervention times available
290,no feasible intervention times available
291,no feasible intervention times available
293,no feasible intervention times available
294,no feasible intervention times available
295,no feasible intervention times available
296,no feasible intervention times available
297,no feasible intervention times available
298,no feasible intervention times available
300,no feasible intervention times available
301,no feasible intervention times available
302,no feasible intervention times available
303,no feasible intervention times available
305,no feasible intervention times available
306,no feasible intervention times available
307,no feasible intervention times available
309,no feasible intervention times available
310,no feasible intervention times available
311,no feasible intervention times available
312,no feasible intervention times available
313,no feasible intervention times available
314,no feasible intervention times available
315,no feasible intervention times available
316,no feasible intervention times available
317,no feasible intervention times available
318,no feasible intervention times available
320,no feasible intervention times available
321,no feasible intervention times available
322,no feasible intervention times available
324,no feasible intervention times available
325,no feasible intervention times available
326,no feasible intervention times available
327,no feasible intervention times available
328,no feasible intervention times available
329,no feasible intervention times available
331,no feasible intervention times available
332,no feasible intervention times available
333,no feasible intervention times available
335,no feasible intervention times available
336,no feasible intervention times available
337,no feasible intervention times available
338,no feasible intervention times available
339,no feasible intervention times available
340,no feasible intervention times available
341,no feasible intervention times available
342,no feasible intervention times available
343,no feasible intervention times available
344,no feasible intervention times available
345,no feasible intervention times available
346,no feasible intervention times available
347,no feasible intervention times available
348,no feasible intervention times available
350,no feasible intervention times available
352,no feasible intervention times available
353,no feasible intervention times available
354,no feasible intervention times available
355,no feasible intervention times available
356,no feasible intervention times available
357,no feasible intervention times available
359,no feasible intervention times available
362,no feasible intervention times available
363,no feasible intervention times available
364,no feasible intervention times available
365,no feasible intervention times available
366,no feasible intervention times available
369,no feasible intervention times available
370,no feasible intervention times available
371,no feasible intervention times available
372,no feasible intervention times available
375,no feasible intervention times available
376,no feasible intervention times available
377,no feasible intervention times available
381,no feasible intervention times available
382,no feasible intervention times available
383,no feasible intervention times available
384,no feasible intervention times available
386,no feasible intervention times available
387,no feasible intervention times available
388,no feasible intervention times available
389,no feasible intervention times available
391,no feasible intervention times available
392,no feasible intervention times available
394,no feasible intervention times available
395,no feasible intervention times available
396,no feasible intervention times available
397,no feasible intervention times available
